{"cameraMode":{"drawMode":0,"name":"Shaded","section":"Shading Mode"},"sceneLighting":true,"audioPlay":false,"sceneViewState":{"showFog":false,"showMaterialUpdate":false,"showSkybox":false,"showFlares":false,"showImageEffects":false,"showParticleSystems":false},"in2DMode":false,"pivot":{"x":1.4664515256881714,"y":0.08815403282642365,"z":3.778996467590332},"rotation":{"x":0.13045352697372437,"y":0.8660312294960022,"z":-0.2969454526901245,"w":0.3805198073387146},"size":34.555442810058597,"orthographic":false}