{"cameraMode":{"drawMode":0,"name":"Shaded","section":"Shading Mode"},"sceneLighting":false,"audioPlay":false,"sceneViewState":{"showFog":false,"showMaterialUpdate":false,"showSkybox":false,"showFlares":false,"showImageEffects":false,"showParticleSystems":false},"in2DMode":false,"pivot":{"x":-7.498293876647949,"y":1.7586262226104737,"z":7.517600059509277},"rotation":{"x":0.38614410161972048,"y":-0.1318458914756775,"z":0.05587194859981537,"w":0.9112561345100403},"size":2.140773296356201,"orthographic":false}